{"cameraMode":{"drawMode":0,"name":"Shaded","section":"Shading Mode"},"sceneLighting":true,"audioPlay":false,"sceneViewState":{"showFog":false,"showMaterialUpdate":false,"showSkybox":false,"showFlares":false,"showImageEffects":false,"showParticleSystems":false},"in2DMode":false,"pivot":{"x":502.884521484375,"y":-390.5740966796875,"z":805.5907592773438},"rotation":{"x":0.2739865183830261,"y":-0.4642198383808136,"z":0.1535797268152237,"w":0.8281664848327637},"size":1679.935302734375,"orthographic":false}